{"cameraMode":{"drawMode":0,"name":"Shaded","section":"Shading Mode"},"sceneLighting":false,"audioPlay":false,"sceneViewState":{"showFog":true,"showMaterialUpdate":false,"showSkybox":false,"showFlares":true,"showImageEffects":true,"showParticleSystems":true},"in2DMode":false,"pivot":{"x":0.033435940742492679,"y":15.908233642578125,"z":-36.49406433105469},"rotation":{"x":0.057892896234989169,"y":-0.09787053614854813,"z":0.00569124286994338,"w":0.9934986233711243},"size":16.287796020507814,"orthographic":false}