{"cameraMode":{"drawMode":0,"name":"Shaded","section":"Shading Mode"},"sceneLighting":false,"audioPlay":false,"sceneViewState":{"showFog":true,"showMaterialUpdate":false,"showSkybox":false,"showFlares":true,"showImageEffects":true,"showParticleSystems":true},"in2DMode":false,"pivot":{"x":-0.8050000667572022,"y":1.3650000095367432,"z":0.0},"rotation":{"x":-0.023562677204608918,"y":-0.9762934446334839,"z":0.14337044954299928,"w":-0.16045325994491578},"size":7.690663814544678,"orthographic":false}