{"cameraMode":{"drawMode":0,"name":"Shaded","section":"Shading Mode"},"sceneLighting":false,"audioPlay":false,"sceneViewState":{"showFog":true,"showMaterialUpdate":false,"showSkybox":false,"showFlares":true,"showImageEffects":true,"showParticleSystems":true},"in2DMode":false,"pivot":{"x":-2116.98876953125,"y":-143.39056396484376,"z":1886.1055908203125},"rotation":{"x":-0.04995482414960861,"y":0.9444441199302673,"z":-0.1706988513469696,"w":-0.27639055252075198},"size":5468.8740234375,"orthographic":false}