{"cameraMode":{"drawMode":0,"name":"Shaded","section":"Shading Mode"},"sceneLighting":false,"audioPlay":false,"sceneViewState":{"showFog":true,"showMaterialUpdate":false,"showSkybox":false,"showFlares":true,"showImageEffects":true,"showParticleSystems":true},"in2DMode":false,"pivot":{"x":0.11919116973876953,"y":12.58134651184082,"z":0.031937599182128909},"rotation":{"x":0.18741652369499207,"y":-0.041925057768821719,"z":0.007994863204658032,"w":0.9813535809516907},"size":224.8519287109375,"orthographic":false}