{"cameraMode":{"drawMode":0,"name":"Shaded","section":"Shading Mode"},"sceneLighting":false,"audioPlay":false,"sceneViewState":{"showFog":true,"showMaterialUpdate":false,"showSkybox":false,"showFlares":true,"showImageEffects":true,"showParticleSystems":true},"in2DMode":false,"pivot":{"x":0.0334317684173584,"y":-15.440346717834473,"z":-16.399999618530275},"rotation":{"x":0.057892896234989169,"y":-0.09787053614854813,"z":0.00569124286994338,"w":0.9934986233711243},"size":21.896642684936525,"orthographic":false}