{"cameraMode":{"drawMode":0,"name":"Shaded","section":"Shading Mode"},"sceneLighting":false,"audioPlay":false,"sceneViewState":{"showFog":true,"showMaterialUpdate":false,"showSkybox":false,"showFlares":true,"showImageEffects":true,"showParticleSystems":true},"in2DMode":false,"pivot":{"x":-169.72344970703126,"y":-139.97341918945313,"z":872.0050048828125},"rotation":{"x":-0.17047053575515748,"y":-0.005323852878063917,"z":0.0009211004362441599,"w":-0.9853484034538269},"size":4762.89453125,"orthographic":false}