{"cameraMode":{"drawMode":0,"name":"Shaded","section":"Shading Mode"},"sceneLighting":false,"audioPlay":false,"sceneViewState":{"showFog":true,"showMaterialUpdate":false,"showSkybox":false,"showFlares":true,"showImageEffects":true,"showParticleSystems":true},"in2DMode":false,"pivot":{"x":0.03343188762664795,"y":15.675122261047364,"z":-29.006229400634767},"rotation":{"x":0.057892896234989169,"y":-0.09787053614854813,"z":0.00569124286994338,"w":0.9934986233711243},"size":14.344385147094727,"orthographic":false}